"","OCCUPIED","UNOCCUPIED","MeanDecreaseAccuracy","MeanDecreaseGini"
"JulyMax",15.5716703018231,3.01002149884158,11.2895917383547,9.00124909232924
"JanMin",10.6988542604742,9.98226450300477,13.3829690480904,8.4718424461722
"PrcpAnn",14.7306579821048,8.36529840400394,15.1784635571873,10.4593187154682
"AET",14.6076358151858,9.73524081482987,15.8606680154806,10.4514746797359
"HeatLoad",21.1991619857979,2.9398334132067,15.2065598332586,12.1881172165631
"TPI990m",9.71625327427074,3.78266174804114,8.70941352661795,7.92473938176136
"PTalus",19.2614102916697,0.908720151440089,13.0657213362499,9.56890162557852
